{"cameraMode":{"drawMode":0,"name":"Shaded","section":"Shading Mode"},"sceneLighting":true,"audioPlay":false,"sceneViewState":{"showFog":true,"showMaterialUpdate":false,"showSkybox":true,"showFlares":true,"showImageEffects":true,"showParticleSystems":true},"in2DMode":false,"pivot":{"x":3.1361238956451418,"y":-24.575822830200197,"z":-25.678205490112306},"rotation":{"x":-0.025185130536556245,"y":0.9655954837799072,"z":-0.24085529148578645,"w":-0.09897815436124802},"size":98.32392883300781,"orthographic":false}