{"cameraMode":{"drawMode":0,"name":"Shaded","section":"Shading Mode"},"sceneLighting":true,"audioPlay":false,"sceneViewState":{"showFog":true,"showMaterialUpdate":false,"showSkybox":true,"showFlares":true,"showImageEffects":true,"showParticleSystems":true},"in2DMode":false,"pivot":{"x":0.9302197098731995,"y":-18.13242530822754,"z":20.602859497070314},"rotation":{"x":0.3788878917694092,"y":-0.0030271492432802917,"z":0.002792663173750043,"w":0.9257171750068665},"size":42.782989501953128,"orthographic":false}